ImageNmae,Decoder
Img-1.png,['22222222222222222222222222222222']
Img-2.png,['22222222222222222222222222222222']
Img-3.png,['22222222222222222222222222222222']
Img-4.png,['22222222222222222222222222222222']
Img-5.png,['22222222222222222222222222222222']
Img-6.png,['22222222222222222222222222222222']
Img-7.png,['22222222222222222222222222222222']
Img-8.png,['22222222222222222222222222222222']
Img-9.png,['22222222222222222222222222222222']
Img-10.png,['22222222222222222222222222222222']
Img-11.png,['22222222222222222222222222222222']
Img-12.png,['22222222222222222222222222222222']
Img-13.png,['22222222222222222222222222222222']
Img-14.png,['22222222222222222222222222222222']
Img-15.png,['22222222222222222222222222222222']
Img-16.png,['22222222222222222222222222222222']
Img-17.png,['22222222222222222222222222222222']
Img-18.png,['22222222222222222222222222222222']
Img-19.png,['22222222222222222222222222222222']
Img-20.png,['22222222222222222222222222222222']
Img-21.png,['22222222222222222222222222222222']
Img-22.png,['22222222222222222222222222222222']
Img-23.png,['22222222222222222222222222222222']
Img-24.png,['22222222222222222222222222222222']
Img-25.png,['22222222222222222222222222222222']
Img-26.png,['22222222222222222222222222222222']
Img-27.png,['22222222222222222222222222222222']
Img-28.png,['22222222222222222222222222222222']
Img-29.png,['22222222222222222222222222222222']
Img-30.png,['22222222222222222222222222222222']
Img-31.png,['22222222222222222222222222222222']
Img-32.png,['22222222222222222222222222222222']
Img-33.png,['22222222222222222222222222222222']
Img-34.png,['22222222222222222222222222222222']
Img-35.png,['22222222222222222222222222222222']
Img-36.png,['22222222222222222222222222222222']
Img-37.png,['22222222222222222222222222222222']
Img-38.png,['22222222222222222222222222222222']
Img-39.png,['22222222222222222222222222222222']
Img-40.png,['22222222222222222222222222222222']
Img-41.png,['22222222222222222222222222222222']
Img-42.png,['22222222222222222222222222222222']
Img-43.png,['22222222222222222222222222222222']
Img-44.png,['22222222222222222222222222222222']
Img-45.png,['22222222222222222222222222222222']
Img-46.png,['22222222222222222222222222222222']
Img-47.png,['22222222222222222222222222222222']
Img-48.png,['22222222222222222222222222222222']
Img-49.png,['22222222222222222222222222222222']
Img-50.png,['22222222222222222222222222222222']
Img-51.png,['22222222222222222222222222222222']
Img-52.png,['22222222222222222222222222222222']
Img-53.png,['22222222222222222222222222222222']
Img-54.png,['22222222222222222222222222222222']
Img-55.png,['22222222222222222222222222222222']
Img-56.png,['22222222222222222222222222222222']
Img-57.png,['22222222222222222222222222222222']
Img-58.png,['22222222222222222222222222222222']
Img-59.png,['22222222222222222222222222222222']
Img-60.png,['22222222222222222222222222222222']
Img-61.png,['22222222222222222222222222222222']
Img-62.png,['22222222222222222222222222222222']
Img-63.png,['22222222222222222222222222222222']
Img-64.png,['22222222222222222222222222222222']
Img-65.png,['22222222222222222222222222222222']
Img-66.png,['22222222222222222222222222222222']
Img-67.png,['22222222222222222222222222222222']
Img-68.png,['22222222222222222222222222222222']
Img-69.png,['22222222222222222222222222222222']
Img-70.png,['22222222222222222222222222222222']
Img-71.png,['22222222222222222222222222222222']
Img-72.png,['22222222222222222222222222222222']
Img-73.png,['22222222222222222222222222222222']
Img-74.png,['22222222222222222222222222222222']
Img-75.png,['22222222222222222222222222222222']
Img-76.png,['22222222222222222222222222222222']
Img-77.png,['22222222222222222222222222222222']
Img-78.png,['22222222222222222222222222222222']
Img-79.png,['22222222222222222222222222222222']
Img-80.png,['22222222222222222222222222222222']
Img-81.png,['22222222222222222222222222222222']
Img-82.png,['22222222222222222222222222222222']
Img-83.png,['22222222222222222222222222222222']
Img-84.png,['22222222222222222222222222222222']
Img-85.png,['22222222222222222222222222222222']
Img-86.png,['22222222222222222222222222222222']
Img-87.png,['22222222222222222222222222222222']
Img-88.png,['22222222222222222222222222222222']
Img-89.png,['22222222222222222222222222222222']
Img-90.png,['22222222222222222222222222222222']
Img-91.png,['22222222222222222222222222222222']
Img-92.png,['22222222222222222222222222222222']
Img-93.png,['22222222222222222222222222222222']
Img-94.png,['22222222222222222222222222222222']
Img-95.png,['22222222222222222222222222222222']
Img-96.png,['22222222222222222222222222222222']
Img-97.png,['22222222222222222222222222222222']
Img-98.png,['22222222222222222222222222222222']
Img-99.png,['22222222222222222222222222222222']
Img-100.png,['22222222222222222222222222222222']
